title,doi,doi_resolved_via_crossref,category,pdf_or_landing_url,notes
"A synbiotics, long chain polyunsaturated fatty acids, and milk fat globule membranes supplemented formula modulates microbiota maturation and neurodevelopment.",10.1016/j.clnu.2022.05.013,False,open_access_landing_page_only,https://doi.org/10.1016/j.clnu.2022.05.013,OA flagged but no direct PDF link -- needs a manual visit
Alterations in the Gut Microbiome at 6 Months of Age in Obese Latino Infants.,10.1080/07315724.2019.1606744,False,open_access_landing_page_only,https://www.ncbi.nlm.nih.gov/pmc/articles/6949412,OA flagged but no direct PDF link -- needs a manual visit
"Antibiotics, birth mode, and diet shape microbiome maturation during early life.",10.1126/scitranslmed.aad7121,False,open_access_landing_page_only,https://www.ncbi.nlm.nih.gov/pmc/articles/5308924,OA flagged but no direct PDF link -- needs a manual visit
Assessing the impact of pregnancy and birth factors on the maternal and infant microbiota.,10.20517/mrr.2023.32,False,open_access_landing_page_only,https://www.ncbi.nlm.nih.gov/pmc/articles/10688794,OA flagged but no direct PDF link -- needs a manual visit
Association Between Breast Milk Bacterial Communities and Establishment and Development of the Infant Gut Microbiome.,10.1001/jamapediatrics.2017.0378,False,open_access_pdf_link_failed,https://jamanetwork.com/journals/jamapediatrics/articlepdf/2625334/jamapediatrics_pannaraj_2017_oi_170013.pdf,HTTP Error 403: Forbidden
Association between gut microbiota development and allergy in infants born during pandemic-related social distancing restrictions,10.1111/all.16069,False,open_access_landing_page_only,https://doi.org/10.1111/all.16069,OA flagged but no direct PDF link -- needs a manual visit
Association of Cesarean Delivery and Formula Supplementation With the Intestinal Microbiome of 6-Week-Old Infants.,10.1001/jamapediatrics.2015.3732,False,open_access_pdf_link_failed,https://jamanetwork.com/journals/jamapediatrics/articlepdf/2479466/poi150081.pdf,HTTP Error 403: Forbidden
Association of Exposure to Formula in the Hospital and Subsequent Infant Feeding Practices With Gut Microbiota and Risk of Overweight in the First Year of Life.,10.1001/jamapediatrics.2018.1161,False,open_access_pdf_link_failed,https://jamanetwork.com/journals/jamapediatrics/articlepdf/2683259/jamapediatrics_forbes_2018_oi_180025.pdf,HTTP Error 403: Forbidden
Associations of Lactoferrin-Fortified Formula with Infant Growth and Gut Microbiota: A Real-World Observational Study.,10.3390/nu17243896,False,open_access_pdf_link_failed,https://www.mdpi.com/2072-6643/17/24/3896/pdf?version=1765553446,HTTP Error 403: Forbidden
"Associations of diet, race, and other environmental factors with antimicrobial resistance genes in the gut bacterial communities of pregnant women and 3-month-old infants.",10.1128/msphere.00445-25,False,open_access_pdf_link_failed,https://journals.asm.org/doi/pdf/10.1128/msphere.00445-25?download=true,HTTP Error 403: Forbidden
Bifidobacterium population analysis in the infant gut by direct mapping of genomic hybridization patterns: potential for monitoring temporal development and effects of dietary regimens,10.1111/j.1751-7915.2010.00216.x,False,open_access_landing_page_only,https://research.wur.nl/en/publications/bifidobacterium-population-analysis-in-the-infant-gut-by-direct-m,OA flagged but no direct PDF link -- needs a manual visit
Bifidogenic Effect of 2'-Fucosyllactose (2'-FL) on the Gut Microbiome of Healthy Formula-Fed Infants: A Randomized Clinical Trial.,10.3390/nu17060973,False,open_access_landing_page_only,https://doi.org/10.3390/nu17060973,OA flagged but no direct PDF link -- needs a manual visit
Breast milk components modulate gut microbiota to increase susceptibility to atopic dermatitis in early life.,10.1136/gutjnl-2024-333235,False,closed_needs_institutional_access_or_ill,,
Breast milk urea as a nitrogen source for urease positive Bifidobacterium infantis.,10.1093/femsec/fiab019,False,open_access_landing_page_only,https://doi.org/10.1093/femsec/fiab019,OA flagged but no direct PDF link -- needs a manual visit
Breast-feeding as 'personalized nutrition',10.1038/s41430-018-0206-y,False,closed_needs_institutional_access_or_ill,,
Breastfeeding and the major fermentation metabolite lactate determine occurrence of Peptostreptococcaceae in infant feces.,10.1080/19490976.2023.2241209,False,open_access_pdf_link_failed,https://www.tandfonline.com/doi/pdf/10.1080/19490976.2023.2241209?needAccess=true&role=button,HTTP Error 403: Forbidden
Breastfeeding and the milk resistome shape the establishment and transmission of antibiotic resistance genes in the infant gut microbiome.,10.1080/19490976.2025.2541033,False,open_access_pdf_link_failed,https://www.tandfonline.com/doi/pdf/10.1080/19490976.2025.2541033?needAccess=true,HTTP Error 403: Forbidden
Breastfeeding enrichment of B. longum subsp. infantis mitigates the effect of antibiotics on the microbiota and childhood asthma risk.,10.1016/j.medj.2022.12.002,False,open_access_landing_page_only,https://doi.org/10.1016/j.medj.2022.12.002,OA flagged but no direct PDF link -- needs a manual visit
Breastfeeding may lessen socioeconomic disparities in child health through differences in the infant gut microbiome.,10.1016/j.xcrm.2026.102755,False,open_access_landing_page_only,https://doi.org/10.1016/j.xcrm.2026.102755,OA flagged but no direct PDF link -- needs a manual visit
Breastfeeding might partially contribute to gut microbiota construction and stabilization of propionate metabolism in cesarean-section infants.,10.1007/s00394-022-03020-9,False,closed_needs_institutional_access_or_ill,,
Breastfeeding promotes early neonatal regulatory T-cell expansion and immune tolerance of non-inherited maternal antigens.,10.1111/all.14736,False,open_access_pdf_link_failed,https://onlinelibrary.wiley.com/doi/pdfdirect/10.1111/all.14736,HTTP Error 403: Forbidden
"Breastfeeding, the Gut Microbiome, and Growth among Infants in Lusaka, Zambia.",10.1016/j.tjnut.2025.10.026,False,closed_needs_institutional_access_or_ill,,
Breastfeeding: a key modulator of gut microbiota characteristics in late infancy.,10.1017/s2040174418000624,False,closed_needs_institutional_access_or_ill,,
Breastmilk Feeding Practices Are Associated with the Co-Occurrence of Bacteria in Mothers' Milk and the Infant Gut: the CHILD Cohort Study.,10.1016/j.chom.2020.06.009,False,open_access_landing_page_only,https://doi.org/10.1016/j.chom.2020.06.009,OA flagged but no direct PDF link -- needs a manual visit
CHARACTERIZATION OF THE GUT MICROBIOTA AND SYSTEMIC INFLAMMATION IN HIV-EXPOSED UNINFECTED INFANTS FROM A RESOURCE-LIMITED SETTING AT 6 WEEKS OF AGE,10.26355/mhd_202411_1156,False,unpaywall_lookup_failed,,HTTP Error 404: Not Found
Characterization of gut microbiota in preterm infants at discharge: a single-center observational study,10.21037/pm-24-86,False,open_access_landing_page_only,https://doi.org/10.21037/pm-24-86,OA flagged but no direct PDF link -- needs a manual visit
"Comparative evaluation of enriched formula milk powder with OPO and MFGM vs. breastfeeding and regular formula milk powder in full-term infants: a comprehensive study on gut microbiota, neurodevelopment, and growth.",10.1039/d3fo03392a,False,open_access_pdf_link_failed,https://pubs.rsc.org/en/content/articlepdf/2024/fo/d3fo03392a,HTTP Error 403: Forbidden
Comparison of gut microbiome and metabolome characteristics in preterm and full-term infants under different feeding modes,10.13343/j.cnki.wsxb.20260127,False,unpaywall_lookup_failed,,HTTP Error 404: Not Found
"Comparison of the compositions of the stool microbiotas of infants fed goat milk formula, cow milk-based formula, or breast milk.",10.1128/aem.03910-12,False,open_access_pdf_link_failed,https://aem.asm.org/content/aem/79/9/3040.full.pdf,HTTP Error 403: Forbidden
Comparison of the effects of different infant formulas on the growth and development and intestinal flora of infants.,10.1002/fsn3.3149,False,open_access_pdf_link_failed,https://onlinelibrary.wiley.com/doi/pdfdirect/10.1002/fsn3.3149,HTTP Error 403: Forbidden
Complement in maternal milk shapes the infant microbiome.,10.1038/s41577-024-01006-8,False,closed_needs_institutional_access_or_ill,,
Complement(ing) the microbiome in infants through breastmilk.,10.1038/s41422-024-00944-1,False,downloaded_open_access,https://www.nature.com/articles/s41422-024-00944-1.pdf,
Compositional analyses reveal correlations between taxon-level gut bacterial abundance and peripheral T cell marker expression in African infants.,10.1080/19490976.2019.1643673,False,open_access_pdf_link_failed,https://www.tandfonline.com/doi/pdf/10.1080/19490976.2019.1643673?needAccess=true&role=button,HTTP Error 403: Forbidden
"Development of the Microbiota and Associations With Birth Mode, Diet, and Atopic Disorders in a Longitudinal Analysis of Stool Samples, Collected From Infancy Through Early Childhood.",10.1053/j.gastro.2020.01.024,False,open_access_pdf_link_failed,http://www.gastrojournal.org/article/S001650852030113X/pdf,HTTP Error 403: Forbidden
Differences in gut microbial fructoselysine degradation activity between breast-fed and formula-fed infants,10.1093/femsec/fiac145,False,open_access_pdf_link_failed,https://academic.oup.com/femsec/article-pdf/99/1/fiac145/47884330/fiac145.pdf,HTTP Error 403: Forbidden
Differences in gut microbial fructoselysine degradation activity between breast-fed and formula-fed infants.,10.1093/femsec/fiac145,False,open_access_pdf_link_failed,https://academic.oup.com/femsec/article-pdf/99/1/fiac145/47884330/fiac145.pdf,HTTP Error 403: Forbidden
"Differences in the bacterial profiles of infant gut by birth process, milk diet, and choice of 16S rRNA gene target region",10.1016/j.humic.2019.100062,False,open_access_pdf_link_failed,https://www.sciencedirect.com/science/article/pii/S2452231719300119/pdf,HTTP Error 403: Forbidden
"Distinguishable Influence of the Delivery Mode, Feeding Pattern, and Infant Sex on Dynamic Alterations in the Intestinal Microbiota in the First Year of Life.",10.1007/s00248-023-02188-9,False,closed_needs_institutional_access_or_ill,,
Diurnal rhythmicity of infant fecal microbiota and metabolites: A randomized controlled interventional trial with infant formula.,10.1016/j.chom.2024.02.015,False,open_access_landing_page_only,https://doi.org/10.1016/j.chom.2024.02.015,OA flagged but no direct PDF link -- needs a manual visit
Does the maternal vaginal microbiota play a role in seeding the microbiota of neonatal gut and nose?,10.3920/bm2017.0064,False,open_access_pdf_link_failed,https://www.wageningenacademic.com/doi/pdf/10.3920/BM2017.0064?download=true,HTTP Error 403: Forbidden
Dynamics and Stabilization of the Human Gut Microbiome during the First Year of Life.,10.1016/j.chom.2015.04.004,False,open_access_pdf_link_failed,http://www.cell.com/article/S1931312815001626/pdf,HTTP Error 403: Forbidden
Dynamics of gut metabolome and microbiota maturation during early life.,10.1016/j.isci.2025.113596,False,open_access_landing_page_only,https://doi.org/10.1016/j.isci.2025.113596,OA flagged but no direct PDF link -- needs a manual visit
Early life gut microbiota profiles linked to synbiotic formula effects: a randomized clinical trial in European infants.,10.1016/j.ajcnut.2022.11.012,False,open_access_pdf_link_failed,https://www.sciencedirect.com/science/article/pii/S0002916522105368/pdf,HTTP Error 403: Forbidden
Early limited formula for breastfeeding infants: too much or just enough?,10.1038/s41372-019-0419-5,False,closed_needs_institutional_access_or_ill,,
Early-Life Demographic Factors Shape Gut Microbiome Patterns Associated with Rotavirus Gastroenteritis Severity.,10.3390/v17121542,False,open_access_pdf_link_failed,https://www.mdpi.com/1999-4915/17/12/1542/pdf?version=1764121386,HTTP Error 403: Forbidden
Early-life fecal microbiome and metabolome dynamics in response to an intervention with infant formula containing specific prebiotics and postbiotics.,10.1152/ajpgi.00079.2021,False,open_access_landing_page_only,https://doi.org/10.1152/ajpgi.00079.2021,OA flagged but no direct PDF link -- needs a manual visit
Early-life gut microbiome-metabolome development trajectories in Chinese infants: a decentralized real-world evidence study.,10.1039/d6fo02082h,False,closed_needs_institutional_access_or_ill,,
Effect of Delivery Mode and Nutrition on Gut Microbiota in Neonates.,10.1159/000496427,False,closed_needs_institutional_access_or_ill,,
Effect of Pre- and Perinatal Factors and Infant Nutrition on the Intestinal Microbiota.,10.3390/nu15183977,False,open_access_pdf_link_failed,https://www.mdpi.com/2072-6643/15/18/3977/pdf?version=1694687078,HTTP Error 403: Forbidden
Effect of antibiotics in the first week of life on faecal microbiota development.,10.1136/archdischild-2021-322861,False,open_access_pdf_link_failed,https://fn.bmj.com/content/fetalneonatal/early/2022/05/08/archdischild-2021-322861.full.pdf,HTTP Error 429: Too Many Requests
"Effects of Term Infant Formulas Containing High sn-2 Palmitate With and Without Oligofructose on Stool Composition, Stool Characteristics, and Bifidogenicity",10.1097/mpg.0000000000000443,False,open_access_landing_page_only,https://doi.org/10.1097/mpg.0000000000000443,OA flagged but no direct PDF link -- needs a manual visit
Effects of an infant formula containing a whey protein concentrate on feeding tolerance and markers of intestinal immune defense in Chinese infants.,10.1186/s40795-026-01395-0,False,open_access_landing_page_only,https://doi.org/10.1186/s40795-026-01395-0,OA flagged but no direct PDF link -- needs a manual visit
Effects of different modes of delivery and feeding on intestinal flora of newborns and infants with different ages,10.5812/ijp.88329,False,open_access_landing_page_only,https://doi.org/10.5812/ijp.88329,OA flagged but no direct PDF link -- needs a manual visit
Effects of infant formula supplied with medium- and long-chain triacylglycerols and sn-2 palmitate on fecal lipid metabolome and microbiota profiles in healthy term infants: a parallel-controlled study.,10.1039/d5fo04757a,False,closed_needs_institutional_access_or_ill,,
Efficacy and safety of a synbiotic infant formula for the prevention of respiratory and gastrointestinal infections: a randomized controlled trial.,10.1016/j.ajcnut.2024.03.005,False,open_access_pdf_link_failed,https://www.sciencedirect.com/science/article/pii/S000291652400340X,HTTP Error 403: Forbidden
Environmental and genetic associations with aberrant early-life gut microbial maturation in childhood asthma.,10.1016/j.jaci.2023.01.006,False,open_access_landing_page_only,https://doi.org/10.1016/j.jaci.2023.01.006,OA flagged but no direct PDF link -- needs a manual visit
Ethnic diversity in infant gut microbiota is apparent before the introduction of complementary diets.,10.1080/19490976.2020.1756150,False,open_access_pdf_link_failed,https://www.tandfonline.com/doi/pdf/10.1080/19490976.2020.1756150?needAccess=true,HTTP Error 403: Forbidden
"Exclusive breast-feeding, the early-life microbiome and immune response, and common childhood respiratory illnesses.",10.1016/j.jaci.2022.02.023,False,open_access_pdf_link_failed,http://www.jacionline.org/article/S0091674922002925/pdf,HTTP Error 403: Forbidden
Exclusive breastfeeding is associated with the gut microbiome maturation in infants according to delivery mode.,10.1080/19490976.2025.2493900,False,open_access_landing_page_only,https://doi.org/10.1080/19490976.2025.2493900,OA flagged but no direct PDF link -- needs a manual visit
Factors influencing the infant gut microbiome at age 3-6 months: Findings from the ethnically diverse Vitamin D Antenatal Asthma Reduction Trial (VDAART).,10.1016/j.jaci.2016.08.045,False,open_access_landing_page_only,https://www.ncbi.nlm.nih.gov/pmc/articles/5303123,OA flagged but no direct PDF link -- needs a manual visit
Fecal microbiota composition of breast-fed infants is correlated with human milk oligosaccharides consumed.,10.1097/mpg.0000000000000752,False,open_access_landing_page_only,https://www.ncbi.nlm.nih.gov/pmc/articles/4441539,OA flagged but no direct PDF link -- needs a manual visit
Feeding-Related Gut Microbial Composition Associates With Peripheral T-Cell Activation and Mucosal Gene Expression in African Infants.,10.1093/cid/ciy265,False,open_access_pdf_link_failed,https://academic.oup.com/cid/article-pdf/67/8/1237/25849353/ciy265.pdf,HTTP Error 403: Forbidden
Fermented infant formula (with Bifidobacterium breve C50 and Streptococcus thermophilus O65) with prebiotic oligosaccharides is safe and modulates the gut microbiota towards a microbiota closer to that of breastfed infants.,10.1016/j.clnu.2020.07.024,False,open_access_landing_page_only,https://doi.org/10.1016/j.clnu.2020.07.024,OA flagged but no direct PDF link -- needs a manual visit
First-year dynamics of the anaerobic microbiome and archaeome in infants' oral and gastrointestinal systems.,10.1128/msystems.01071-24,False,open_access_landing_page_only,https://doi.org/10.1128/msystems.01071-24,OA flagged but no direct PDF link -- needs a manual visit
From Birth to Overweight and Atopic Disease: Multiple and Common Pathways of the Infant Gut Microbiome.,10.1053/j.gastro.2020.08.053,False,closed_needs_institutional_access_or_ill,,
Gut microbiota analysis reveals a marked shift to bifidobacteria by a starter infant formula containing a synbiotic of bovine milk-derived oligosaccharides and Bifidobacterium animalis subsp. lactis CNCM I-3446.,10.1111/1462-2920.13144,False,open_access_pdf_link_failed,https://sfamjournals.onlinelibrary.wiley.com/doi/pdfdirect/10.1111/1462-2920.13144,HTTP Error 403: Forbidden
Gut microbiota of healthy Canadian infants: profiles by mode of delivery and infant diet at 4 months.,10.1503/cmaj.121189,False,open_access_pdf_link_failed,http://www.cmaj.ca/content/cmaj/185/5/385.full.pdf,HTTP Error 403: Forbidden
Gut microbiota responses to complementary food sources differ by milk feeding type.,10.1016/j.clnu.2026.106587,False,open_access_landing_page_only,https://doi.org/10.1016/j.clnu.2026.106587,OA flagged but no direct PDF link -- needs a manual visit
HUMAN MILK OLIGOSACCHARIDES AND INFANT FORMULA.,10.1111/1541-4337.13271,False,open_access_pdf_link_failed,https://onlinelibrary.wiley.com/doi/pdfdirect/10.1111/1541-4337.13271,HTTP Error 403: Forbidden
Host-microbe interactions in the neonatal intestine: Role of human milk oligosaccharides,10.3945/an.112.001859,False,open_access_pdf_link_failed,https://academic.oup.com/advances/article-pdf/3/3/450S/23735695/450s.pdf,HTTP Error 403: Forbidden
Human Milk and Infant Gut Microbiome in Association With Infant Fecal Metabolome and Child Blood Pressure.,10.1001/jamanetworkopen.2025.59385,False,open_access_pdf_link_failed,https://jamanetwork.com/journals/jamanetworkopen/articlepdf/2845051/liu_2026_oi_251578_1770392812.76469.pdf,HTTP Error 403: Forbidden
Human breast milk and infant formulas differentially modify the intestinal microbiota in human infants and host physiology in rats,10.3945/jn.115.223552,False,open_access_pdf_link_failed,https://www.sciencedirect.com/science/article/pii/S0022316622089866/pdf,HTTP Error 403: Forbidden
Human milk oligosaccharides as a factor in the formation of differentiated microbiological profiles of the gut microbiota in infants during the first months of life,10.21518/ms2026-270,False,downloaded_open_access,https://www.med-sovet.pro/jour/article/download/10353/8646,
"Human milk oligosaccharides, antimicrobial drugs, and the gut microbiota of term neonates: observations from the KOALA birth cohort study.",10.1080/19490976.2022.2164152,False,open_access_pdf_link_failed,https://www.tandfonline.com/doi/pdf/10.1080/19490976.2022.2164152?needAccess=true&role=button,HTTP Error 403: Forbidden
Infant Gut Microbiota Development Is Driven by Transition to Family Foods Independent of Maternal Obesity.,10.1128/msphere.00069-15,False,open_access_landing_page_only,https://doi.org/10.1128/msphere.00069-15,OA flagged but no direct PDF link -- needs a manual visit
Infant fecal microbiome dysbiosis varies by feeding type in setting of severe bronchiolitis.,10.1002/jpn3.70435,False,open_access_landing_page_only,https://doi.org/10.1002/jpn3.70435,OA flagged but no direct PDF link -- needs a manual visit
"Influence of Early Life Factors, including breast milk Composition, on the Microbiome of Infants Born to Mothers with and without Inflammatory Bowel Disease.",10.1093/ecco-jcc/jjad096,False,open_access_pdf_link_failed,https://academic.oup.com/ecco-jcc/advance-article-pdf/doi/10.1093/ecco-jcc/jjad096/50887755/jjad096.pdf,HTTP Error 403: Forbidden
Influence of Feeding Practices on Intestinal Microbiota Composition in Healthy Chinese Infants: A Prospective Cohort Study.,10.1016/j.pedhc.2024.06.015,False,open_access_pdf_link_failed,https://www.jpedhc.org/article/S0891-5245(24)00170-6/pdf,HTTP Error 403: Forbidden
Influence of feeding habit and duration on infant gut microbiome - a 6 month pilot study.,10.1163/18762891-bja00075,False,open_access_landing_page_only,https://doi.org/10.1163/18762891-bja00075,OA flagged but no direct PDF link -- needs a manual visit
Integrated Analysis of Gut Microbiota and Metabolome Profiling Reveals the Effects of Feeding Approaches on Infants' Gut Microenvironment.,10.1002/fsn3.71777,False,open_access_landing_page_only,https://doi.org/10.1002/fsn3.71777,OA flagged but no direct PDF link -- needs a manual visit
Intestinal microbiota in infants at high risk for allergy: Effects of prebiotics and role in eczema development.,10.1016/j.jaci.2017.05.054,False,open_access_pdf_link_failed,http://www.jacionline.org/article/S009167491731343X/pdf,HTTP Error 403: Forbidden
Key bacterial taxa and metabolic pathways affecting gut short-chain fatty acid profiles in early life.,10.1038/s41396-021-00937-7,False,downloaded_open_access,https://www.nature.com/articles/s41396-021-00937-7.pdf,
Lactose-reduced infant formula with added corn syrup solids is associated with a distinct gut microbiota in Hispanic infants.,10.1080/19490976.2020.1813534,False,open_access_pdf_link_failed,https://www.tandfonline.com/doi/pdf/10.1080/19490976.2020.1813534?needAccess=true,HTTP Error 403: Forbidden
"Linking Human Milk Oligosaccharides, Infant Fecal Community Types, and Later Risk To Require Antibiotics.",10.1128/mbio.03196-19,False,open_access_landing_page_only,https://doi.org/10.1128/mbio.03196-19,OA flagged but no direct PDF link -- needs a manual visit
Longitudinal changes in bifidobacterial population during the first two years of life.,10.1163/18762891-bja00012,False,open_access_landing_page_only,https://doi.org/10.1163/18762891-bja00012,OA flagged but no direct PDF link -- needs a manual visit
Maternal influences on infant gut microbiome and health.,10.1038/s41586-026-10922-9,False,open_access_landing_page_only,https://doi.org/10.1038/s41586-026-10922-9,OA flagged but no direct PDF link -- needs a manual visit
Maternal secretor status and human milk oligosaccharides influence the infant gut resistome.,10.1016/j.xcrm.2026.103007,False,open_access_landing_page_only,https://doi.org/10.1016/j.xcrm.2026.103007,OA flagged but no direct PDF link -- needs a manual visit
Maturation of the gut metabolome during the first year of life in humans,10.1080/19490976.2023.2231596,False,open_access_pdf_link_failed,https://www.tandfonline.com/doi/pdf/10.1080/19490976.2023.2231596?needAccess=true&role=button,HTTP Error 403: Forbidden
Metal availability shapes early life microbial ecology and community succession.,10.1128/mbio.01534-24,False,open_access_landing_page_only,https://doi.org/10.1128/mbio.01534-24,OA flagged but no direct PDF link -- needs a manual visit
Microbial colonization programs are structured by breastfeeding and guide healthy respiratory development.,10.1016/j.cell.2024.07.022,False,open_access_landing_page_only,https://doi.org/10.1016/j.cell.2024.07.022,OA flagged but no direct PDF link -- needs a manual visit
Milk IgA promotes symbionts and limits pathobionts in the early life gut.,10.1093/ismejo/wraf266,False,open_access_pdf_link_failed,https://academic.oup.com/ismej/article-pdf/19/1/wraf266/65665856/wraf266.pdf,HTTP Error 403: Forbidden
Mobile genetic elements from the maternal microbiome shape infant gut microbial assembly and metabolism.,10.1016/j.cell.2022.11.023,False,open_access_landing_page_only,https://doi.org/10.1016/j.cell.2022.11.023,OA flagged but no direct PDF link -- needs a manual visit
"Mothers, babies and friendly bacteria",10.1136/adc.2010.189639,False,closed_needs_institutional_access_or_ill,,
Nationwide cohort study reveals low bifidobacteria and distinct microbiota composition and function in Swedish newborns,10.1080/19490976.2026.2719244,False,open_access_pdf_link_failed,https://www.tandfonline.com/doi/pdf/10.1080/19490976.2026.2719244?needAccess=true,HTTP Error 403: Forbidden
Neonatal diet alters fecal microbiota and metabolome profiles at different ages in infants fed breast milk or formula.,10.1093/ajcn/nqaa076,False,open_access_landing_page_only,https://doi.org/10.1093/ajcn/nqaa076,OA flagged but no direct PDF link -- needs a manual visit
"Precocious infant fecal microbiome promotes enterocyte barrier dysfuction, altered neuroendocrine signaling and associates with increased childhood obesity risk.",10.1080/19490976.2023.2290661,False,open_access_pdf_link_failed,https://www.tandfonline.com/doi/pdf/10.1080/19490976.2023.2290661?needAccess=true,HTTP Error 403: Forbidden
"Priority effects, nutrition and milk glycan-metabolic potential drive Bifidobacterium longum subspecies dynamics in the infant gut microbiome.",10.7717/peerj.18602,False,open_access_landing_page_only,https://doi.org/10.7717/peerj.18602,OA flagged but no direct PDF link -- needs a manual visit
Probiotic Intervention Through the Pregnant and Breastfeeding Mother to Reduce Disease Risk in the Child,10.1089/bfm.2018.29076.sjr,False,open_access_pdf_link_failed,https://www.liebertpub.com/doi/pdf/10.1089/bfm.2018.29076.sjr,HTTP Error 403: Forbidden
Protect the Heart by Protecting the Gut-Human Milk and the Gut Microbiota of Neonates With Critical Congenital Heart Defects.,10.1097/jpn.0000000000000951,False,closed_needs_institutional_access_or_ill,,
Randomized controlled trial on the impact of early-life intervention with bifidobacteria on the healthy infant fecal microbiota and metabolome.,10.3945/ajcn.117.157529,False,open_access_pdf_link_failed,https://www.sciencedirect.com/science/article/pii/S0002916522026703/pdf,HTTP Error 403: Forbidden
Restoration of gut microbiota with a specific synbiotic-containing infant formula in healthy Chinese infants born by cesarean section.,10.1038/s41430-025-01571-8,False,downloaded_open_access,https://www.nature.com/articles/s41430-025-01571-8.pdf,
Role of sn-2 palmitate on the development of the infant gut microbiome: A metagenomic insight.,10.1016/j.foodres.2025.116488,False,closed_needs_institutional_access_or_ill,,
Stunted microbiota and opportunistic pathogen colonization in caesarean-section birth.,10.1038/s41586-019-1560-1,False,open_access_pdf_link_failed,https://www.nature.com/articles/s41586-019-1560-1.pdf,downloaded content is not a PDF (likely an HTML landing page)
Term infant formula supplemented with milk-derived oligosaccharides shifts the gut microbiota closer to that of human milk-fed infants and improves intestinal immune defense: a randomized controlled trial.,10.1093/ajcn/nqab336,False,open_access_pdf_link_failed,https://www.sciencedirect.com/science/article/pii/S0002916522001186/pdf,HTTP Error 403: Forbidden
The Assessment of Fecal Volatile Organic Compounds in Healthy Infants: Electronic Nose Device Predicts Patient Demographics and Microbial Enterotype,10.1016/j.jss.2020.05.010,False,open_access_landing_page_only,https://www.ncbi.nlm.nih.gov/pmc/articles/7483828,OA flagged but no direct PDF link -- needs a manual visit
"The Effect of Early Limited Formula on Breastfeeding, Readmission, and Intestinal Microbiota: A Randomized Clinical Trial.",10.1016/j.jpeds.2017.12.073,False,closed_needs_institutional_access_or_ill,,
The Gut Microbiota Differ in Exclusively Breastfed and Formula-Fed United States Infants and are Associated with Growth Status.,10.1016/j.tjnut.2023.07.009,False,open_access_landing_page_only,https://doi.org/10.1016/j.tjnut.2023.07.009,OA flagged but no direct PDF link -- needs a manual visit
The Impact of the Human Milk Microbiota in the Prevention of Disease and Infant Health.,10.1089/bfm.2022.0292,False,closed_needs_institutional_access_or_ill,,
"The Relationship Between Diet, Gut Microbiota, and Serum Metabolome of South Asian Infants at 1 Year.",10.1016/j.tjnut.2022.12.016,False,open_access_pdf_link_failed,https://www.sciencedirect.com/science/article/pii/S002231662213261X/pdf,HTTP Error 403: Forbidden
The infant gut microbiota at 12 months of age is associated with human milk exposure but not with maternal pre-pregnancy body mass index or infant BMI-for-age z-scores.,10.1016/j.crphys.2021.03.004,False,open_access_landing_page_only,https://doi.org/10.1016/j.crphys.2021.03.004,OA flagged but no direct PDF link -- needs a manual visit
"Whole genome metagenomic analysis of the gut microbiome of differently fed infants identifies differences in microbial composition and functional genes, including an absent CRISPR/Cas9 gene in the formula-fed cohort.",10.1016/j.humic.2019.100057,False,open_access_pdf_link_failed,https://www.sciencedirect.com/science/article/pii/S245223171930003X/pdf,HTTP Error 403: Forbidden
"A study on the effects of probiotic intervention on growth and development, and normal diseases in children",10.1186/isrctn11762349,True,closed_needs_institutional_access_or_ill,,
Beneficial effects of human milk and prebiotic-like fermented infant formulas on the intestinal microflora and immune system,,False,no_doi_found_needs_manual_lookup,,
Efficacy of Two HMOs in Chinese Infants,,False,no_doi_found_needs_manual_lookup,,
Evaluation of a new infant formula on the growth and tolerance of healthy infants,,False,no_doi_found_needs_manual_lookup,,
Goat Milk-Derived Formula vs. Undiluted Goat Milk in Infants Unable to Exclusively Breastfeed: growth and Biomarker Analysis,,False,no_doi_found_needs_manual_lookup,,
HMOs on Infant Gut Microbiota Modulation and Development of the Immune System in Healthy Infants,,False,no_doi_found_needs_manual_lookup,,
Immunity Modification of Full Term Infants According to the Type of Feeding and Mode of Delivery,,False,no_doi_found_needs_manual_lookup,,
Immunity Modification of Full Term Infants According to the Type of Feeding and Mode of Delivery,10.31525/ct1-nct04256356,True,closed_needs_institutional_access_or_ill,,
Impact Of Feeding Practice On Diversity Pattern Of The Gut Microbiome In Infants.,,False,no_doi_found_needs_manual_lookup,,
New formula supplemented with milk fat globule membrane and synbiotics modulates the gut microbiota and reduces illness symptoms during infancy,,False,no_doi_found_needs_manual_lookup,,
Stool microbiota in term infants fed formula supplemented with human milk oligosaccharides (HMOS: 2'fucosyllactose and lacto-n-neotetraose) and reduced likelihood of antibiotic use,,False,no_doi_found_needs_manual_lookup,,
The norwegian preterm infant gut (PINGU) multicenter study: gut microbiota composition and early impact of probiotic treatment,,False,no_doi_found_needs_manual_lookup,,
