status,doi,title,first_author,year,local_pdf_path
have_locally_needs_upload,10.1016/j.clnu.2026.106602,Breastfed infants receiving formula supplementation show altered lipid and gut microbiota profiles at 3 months of age.,Myers PN,2026,full-text/open-access/2_10.1016_j.clnu.2026.106602.pdf
have_locally_needs_upload,10.4162/nrp.2015.9.3.242,Comparison of the gut microbiota profile in breast-fed and formula-fed Korean infants using pyrosequencing.,Lee SA,2015,full-text/open-access/162_10.4162_nrp.2015.9.3.242.pdf
have_locally_needs_upload,10.1038/nature17940,Development of the gut microbiota and mucosal IgA responses in twins and gnotobiotic mice,"Planer, J.D.",2016,full-text/open-access/347_10.1038_nature17940.pdf
have_locally_needs_upload,10.1016/j.jpeds.2018.07.066,Diet during Pregnancy and Infancy and the Infant Intestinal Microbiome.,Savage JH,2018,full-text/open-access/134_10.1016_j.jpeds.2018.07.066.pdf
have_locally_needs_upload,10.1007/s11274-013-1404-3,Diversity of the intestinal microbiota in different patterns of feeding infants by Illumina high-throughput sequencing.,Fan W,2013,full-text/open-access/175_10.1007_s11274-013-1404-3.pdf
have_locally_needs_upload,10.1152/physiolgenomics.00026.2019,Dynamic signatures of gut microbiota and influences of delivery and feeding modes during the first 6 months of life.,Yang R,2019,full-text/open-access/123_10.1152_physiolgenomics.00026.2019.pdf
have_locally_needs_upload,10.1039/d1fo03692k,"Effect of an infant formula containing sn-2 palmitate on fecal microbiota and metabolome profiles of healthy term infants: a randomized, double-blind, parallel, controlled study.",Guo D,2022,full-text/open-access/61_10.1039_d1fo03692k.pdf
have_locally_needs_upload,10.1177/1099800420975129,Environmental Tobacco Smoke Exposure and Breastfeeding Duration Influence the Composition and Dynamics of Gut Microbiota in Young Children Aged 0-2 Years.,Xie T,2021,full-text/open-access/289_10.1177_1099800420975129.pdf
have_locally_needs_upload,10.1177/08903344211060343,Fecal Bacterial Communities Differ by Lactation Status in Postpartum Women and Their Infants.,Haddad EN,2022,full-text/open-access/67_10.1177_08903344211060343.pdf
have_locally_needs_upload,10.1177/0890334420957571,Human Milk Feeding Patterns at 6 Months of Age are a Major Determinant of Fecal Bacterial Diversity in Infants.,Sugino KY,2021,full-text/open-access/88_10.1177_0890334420957571.pdf
have_locally_needs_upload,10.4014/jmb.1309.09029,Impact of diet in shaping gut microbiota revealed by a comparative study in infants during the first six months of life,"Fan, W.",2014,full-text/open-access/171_10.4014_jmb.1309.09029.pdf
have_locally_needs_upload,10.4014/jmb.1309.09029,Impact of diet in shaping gut microbiota revealed by a comparative study in infants during the six months of life.,Fan W,2014,full-text/open-access/171_10.4014_jmb.1309.09029.pdf
have_locally_needs_upload,10.1111/1574-6941.12434,Impact of lifestyle on the gut microbiota of healthy infants and their mothers-the ALADDIN birth cohort.,Hesla HM,2014,full-text/open-access/172_10.1111_1574-6941.12434.pdf
have_locally_needs_upload,10.1111/1471-0528.13601,"Impact of maternal intrapartum antibiotics, method of birth and breastfeeding on gut microbiota during the first year of life: a prospective cohort study.",Azad MB,2016,full-text/open-access/155_10.1111_1471-0528.13601.pdf
have_locally_needs_upload,10.1039/d5fo03451e,Impact of medium- and long-chain triacylglycerols and sn-2 palmitate on temperament development in term infants: potential role of gut Bifidobacterium.,Qiu YZ,2026,full-text/open-access/7_10.1039_d5fo03451e.pdf
have_locally_needs_upload,10.1038/s41591-018-0216-2,Infant diet and maternal gestational weight gain predict early metabolic maturation of gut microbiomes.,Baumann-Dudenhoeffer AM,2018,full-text/open-access/139_10.1038_s41591-018-0216-2.pdf
have_locally_needs_upload,10.1007/s13312-025-00194-3,Influence of Feeding Pattern on Infant Growth: A Longitudinal Study with Gut Microbiome Insights.,Rajesh V,2026,full-text/open-access/193_10.1007_s13312-025-00194-3.pdf
have_locally_needs_upload,10.1038/s41366-022-01117-z,Longitudinal body mass index trajectories at preschool age: children with rapid growth have differential composition of the gut microbiota in the first year of life.,Reyna ME,2022,full-text/open-access/74_10.1038_s41366-022-01117-z.pdf
have_locally_needs_upload,10.1007/s00394-021-02638-5,MFGM components promote gut Bifidobacterium growth in infant and in vitro,"Zhao, J.",2022,full-text/open-access/93_10.1007_s00394-021-02638-5.pdf
have_locally_needs_upload,10.4014/jmb.2002.02042,Microbiome Study of Initial Gut Microbiota from Newborn Infants to Children Reveals that Diet Determines Its Compositional Development.,Ku HJ,2020,full-text/open-access/112_10.4014_jmb.2002.02042.pdf
have_locally_needs_upload,10.1016/j.jaci.2017.11.045,Perturbations of gut microbiome genes in infants with atopic dermatitis according to feeding type.,Lee MJ,2018,full-text/open-access/144_10.1016_j.jaci.2017.11.045.pdf
have_locally_needs_upload,10.1097/mpg.0b013e3182139f39,Physiological and bifidogenic effects of prebiotic supplements in infant formulae,"Veereman-Wauters, G.",2011,full-text/institutional-access/377_10.1097_mpg.0b013e3182139f39.pdf
have_locally_needs_upload,10.1038/pr.2016.270,Starter formula enriched in prebiotics and probiotics ensures normal growth of infants and promotes gut health: a randomized clinical trial.,Radke M,2017,full-text/open-access/346_10.1038_pr.2016.270.pdf
have_locally_needs_upload,10.1038/pr.2016.270,Starter formula enriched in prebiotics and probiotics ensures normal growth of infants and promotes gut health: a randomized clinical trial.,"Radke, Michael",2016,full-text/open-access/346_10.1038_pr.2016.270.pdf
have_locally_needs_upload,10.1007/s00394-022-02822-1,The establishment of the gut microbiota in 1-year-aged infants: from birth to family food.,Vacca M,2022,full-text/open-access/80_10.1007_s00394-022-02822-1.pdf
still_needs_retrieval,10.1016/j.clnu.2022.05.013,"A synbiotics, long chain polyunsaturated fatty acids, and milk fat globule membranes supplemented formula modulates microbiota maturation and neurodevelopment.",Cerdo T,2022,
still_needs_retrieval,10.1080/07315724.2019.1606744,Alterations in the Gut Microbiome at 6 Months of Age in Obese Latino Infants.,Ville A,2020,
still_needs_retrieval,10.1126/scitranslmed.aad7121,"Antibiotics, birth mode, and diet shape microbiome maturation during early life.",Bokulich NA,2016,
still_needs_retrieval,10.20517/mrr.2023.32,Assessing the impact of pregnancy and birth factors on the maternal and infant microbiota.,Al KF,2023,
still_needs_retrieval,10.1001/jamapediatrics.2017.0378,Association Between Breast Milk Bacterial Communities and Establishment and Development of the Infant Gut Microbiome.,Pannaraj PS,2017,
still_needs_retrieval,10.1111/all.16069,Association between gut microbiota development and allergy in infants born during pandemic-related social distancing restrictions,CORAL Study Grp,2024,
still_needs_retrieval,10.1001/jamapediatrics.2015.3732,Association of Cesarean Delivery and Formula Supplementation With the Intestinal Microbiome of 6-Week-Old Infants.,Madan JC,2016,
still_needs_retrieval,10.1001/jamapediatrics.2018.1161,Association of Exposure to Formula in the Hospital and Subsequent Infant Feeding Practices With Gut Microbiota and Risk of Overweight in the First Year of Life.,Forbes JD,2018,
still_needs_retrieval,10.3390/nu17243896,Associations of Lactoferrin-Fortified Formula with Infant Growth and Gut Microbiota: A Real-World Observational Study.,Shi X,2025,
still_needs_retrieval,10.1128/msphere.00445-25,"Associations of diet, race, and other environmental factors with antimicrobial resistance genes in the gut bacterial communities of pregnant women and 3-month-old infants.",Russell MM,2025,
still_needs_retrieval,10.1111/j.1751-7915.2010.00216.x,Bifidobacterium population analysis in the infant gut by direct mapping of genomic hybridization patterns: potential for monitoring temporal development and effects of dietary regimens,"Boesten, R",2011,
still_needs_retrieval,10.3390/nu17060973,Bifidogenic Effect of 2'-Fucosyllactose (2'-FL) on the Gut Microbiome of Healthy Formula-Fed Infants: A Randomized Clinical Trial.,Lazarini T,2025,
still_needs_retrieval,10.1136/gutjnl-2024-333235,Breast milk components modulate gut microbiota to increase susceptibility to atopic dermatitis in early life.,Zhang R,2024,
still_needs_retrieval,10.1093/femsec/fiab019,Breast milk urea as a nitrogen source for urease positive Bifidobacterium infantis.,Schimmel P,2021,
still_needs_retrieval,10.1038/s41430-018-0206-y,Breast-feeding as 'personalized nutrition',"Wells, JCK",2018,
still_needs_retrieval,10.1080/19490976.2023.2241209,Breastfeeding and the major fermentation metabolite lactate determine occurrence of Peptostreptococcaceae in infant feces.,Huertas-Diaz L,2023,
still_needs_retrieval,10.1080/19490976.2025.2541033,Breastfeeding and the milk resistome shape the establishment and transmission of antibiotic resistance genes in the infant gut microbiome.,Pan Z,2025,
still_needs_retrieval,10.1016/j.medj.2022.12.002,Breastfeeding enrichment of B. longum subsp. infantis mitigates the effect of antibiotics on the microbiota and childhood asthma risk.,Dai DLY,2023,
still_needs_retrieval,10.1016/j.xcrm.2026.102755,Breastfeeding may lessen socioeconomic disparities in child health through differences in the infant gut microbiome.,Dai DLY,2026,
still_needs_retrieval,10.1007/s00394-022-03020-9,Breastfeeding might partially contribute to gut microbiota construction and stabilization of propionate metabolism in cesarean-section infants.,Wu S,2023,
still_needs_retrieval,10.1111/all.14736,Breastfeeding promotes early neonatal regulatory T-cell expansion and immune tolerance of non-inherited maternal antigens.,Wood H,2021,
still_needs_retrieval,10.1016/j.tjnut.2025.10.026,"Breastfeeding, the Gut Microbiome, and Growth among Infants in Lusaka, Zambia.",Lauer JM,2025,
still_needs_retrieval,10.1017/s2040174418000624,Breastfeeding: a key modulator of gut microbiota characteristics in late infancy.,Matsuyama M,2019,
still_needs_retrieval,10.1016/j.chom.2020.06.009,Breastmilk Feeding Practices Are Associated with the Co-Occurrence of Bacteria in Mothers' Milk and the Infant Gut: the CHILD Cohort Study.,Fehr K,2020,
still_needs_retrieval,10.26355/mhd_202411_1156,CHARACTERIZATION OF THE GUT MICROBIOTA AND SYSTEMIC INFLAMMATION IN HIV-EXPOSED UNINFECTED INFANTS FROM A RESOURCE-LIMITED SETTING AT 6 WEEKS OF AGE,"Munjoma, P.T.",2024,
still_needs_retrieval,10.21037/pm-24-86,Characterization of gut microbiota in preterm infants at discharge: a single-center observational study,"Wei, Q.",2025,
still_needs_retrieval,10.1039/d3fo03392a,"Comparative evaluation of enriched formula milk powder with OPO and MFGM vs. breastfeeding and regular formula milk powder in full-term infants: a comprehensive study on gut microbiota, neurodevelopment, and growth.",Chen B,2024,
still_needs_retrieval,10.13343/j.cnki.wsxb.20260127,Comparison of gut microbiome and metabolome characteristics in preterm and full-term infants under different feeding modes,"Yin, J.",2026,
still_needs_retrieval,10.1128/aem.03910-12,"Comparison of the compositions of the stool microbiotas of infants fed goat milk formula, cow milk-based formula, or breast milk.",Tannock GW,2013,
still_needs_retrieval,10.1002/fsn3.3149,Comparison of the effects of different infant formulas on the growth and development and intestinal flora of infants.,Yin N,2023,
still_needs_retrieval,10.1038/s41577-024-01006-8,Complement in maternal milk shapes the infant microbiome.,Papatriantafyllou M,2024,
still_needs_retrieval,10.1038/s41422-024-00944-1,Complement(ing) the microbiome in infants through breastmilk.,Nobs SP,2024,
still_needs_retrieval,10.1080/19490976.2019.1643673,Compositional analyses reveal correlations between taxon-level gut bacterial abundance and peripheral T cell marker expression in African infants.,Brown BP,2020,
still_needs_retrieval,10.1053/j.gastro.2020.01.024,"Development of the Microbiota and Associations With Birth Mode, Diet, and Atopic Disorders in a Longitudinal Analysis of Stool Samples, Collected From Infancy Through Early Childhood.",Galazzo G,2020,
still_needs_retrieval,10.1093/femsec/fiac145,Differences in gut microbial fructoselysine degradation activity between breast-fed and formula-fed infants,"van Dongen, K.C.W.",2023,
still_needs_retrieval,10.1093/femsec/fiac145,Differences in gut microbial fructoselysine degradation activity between breast-fed and formula-fed infants.,van Dongen KCW,2022,
still_needs_retrieval,10.1016/j.humic.2019.100062,"Differences in the bacterial profiles of infant gut by birth process, milk diet, and choice of 16S rRNA gene target region","Biol-Aquino, M.A.",2019,
still_needs_retrieval,10.1007/s00248-023-02188-9,"Distinguishable Influence of the Delivery Mode, Feeding Pattern, and Infant Sex on Dynamic Alterations in the Intestinal Microbiota in the First Year of Life.",Ma X,2023,
still_needs_retrieval,10.1016/j.chom.2024.02.015,Diurnal rhythmicity of infant fecal microbiota and metabolites: A randomized controlled interventional trial with infant formula.,Heppner N,2024,
still_needs_retrieval,10.3920/bm2017.0064,Does the maternal vaginal microbiota play a role in seeding the microbiota of neonatal gut and nose?,Sakwinska O,2017,
still_needs_retrieval,10.1016/j.chom.2015.04.004,Dynamics and Stabilization of the Human Gut Microbiome during the First Year of Life.,Backhed F,2015,
still_needs_retrieval,10.1016/j.isci.2025.113596,Dynamics of gut metabolome and microbiota maturation during early life.,Aatsinki AK,2025,
still_needs_retrieval,10.1016/j.ajcnut.2022.11.012,Early life gut microbiota profiles linked to synbiotic formula effects: a randomized clinical trial in European infants.,Lagkouvardos I,2023,
still_needs_retrieval,10.1038/s41372-019-0419-5,Early limited formula for breastfeeding infants: too much or just enough?,Dhudasia MB,2019,
still_needs_retrieval,10.3390/v17121542,Early-Life Demographic Factors Shape Gut Microbiome Patterns Associated with Rotavirus Gastroenteritis Severity.,Abdelbary ER,2025,
still_needs_retrieval,10.1152/ajpgi.00079.2021,Early-life fecal microbiome and metabolome dynamics in response to an intervention with infant formula containing specific prebiotics and postbiotics.,Rodriguez-Herrera A,2022,
still_needs_retrieval,10.1039/d6fo02082h,Early-life gut microbiome-metabolome development trajectories in Chinese infants: a decentralized real-world evidence study.,Zhong W,2026,
still_needs_retrieval,10.1159/000496427,Effect of Delivery Mode and Nutrition on Gut Microbiota in Neonates.,Akagawa S,2019,
still_needs_retrieval,10.3390/nu15183977,Effect of Pre- and Perinatal Factors and Infant Nutrition on the Intestinal Microbiota.,"Łoniewska, Beata",2023,
still_needs_retrieval,10.1136/archdischild-2021-322861,Effect of antibiotics in the first week of life on faecal microbiota development.,Van Daele E,2022,
still_needs_retrieval,10.1097/mpg.0000000000000443,"Effects of Term Infant Formulas Containing High sn-2 Palmitate With and Without Oligofructose on Stool Composition, Stool Characteristics, and Bifidogenicity","Yao, MJ",2014,
still_needs_retrieval,10.1186/s40795-026-01395-0,Effects of an infant formula containing a whey protein concentrate on feeding tolerance and markers of intestinal immune defense in Chinese infants.,Wang Y,2026,
still_needs_retrieval,10.5812/ijp.88329,Effects of different modes of delivery and feeding on intestinal flora of newborns and infants with different ages,"Zhang, D.",2019,
still_needs_retrieval,10.1039/d5fo04757a,Effects of infant formula supplied with medium- and long-chain triacylglycerols and sn-2 palmitate on fecal lipid metabolome and microbiota profiles in healthy term infants: a parallel-controlled study.,Yu J,2026,
still_needs_retrieval,10.1016/j.ajcnut.2024.03.005,Efficacy and safety of a synbiotic infant formula for the prevention of respiratory and gastrointestinal infections: a randomized controlled trial.,Piloquet H,2024,
still_needs_retrieval,10.1016/j.jaci.2023.01.006,Environmental and genetic associations with aberrant early-life gut microbial maturation in childhood asthma.,Chen YC,2023,
still_needs_retrieval,10.1080/19490976.2020.1756150,Ethnic diversity in infant gut microbiota is apparent before the introduction of complementary diets.,Xu J,2020,
still_needs_retrieval,10.1016/j.jaci.2022.02.023,"Exclusive breast-feeding, the early-life microbiome and immune response, and common childhood respiratory illnesses.",Rosas-Salazar C,2022,
still_needs_retrieval,10.1080/19490976.2025.2493900,Exclusive breastfeeding is associated with the gut microbiome maturation in infants according to delivery mode.,Naspolini NF,2025,
still_needs_retrieval,10.1016/j.jaci.2016.08.045,Factors influencing the infant gut microbiome at age 3-6 months: Findings from the ethnically diverse Vitamin D Antenatal Asthma Reduction Trial (VDAART).,Sordillo JE,2017,
still_needs_retrieval,10.1097/mpg.0000000000000752,Fecal microbiota composition of breast-fed infants is correlated with human milk oligosaccharides consumed.,Wang M,2015,
still_needs_retrieval,10.1093/cid/ciy265,Feeding-Related Gut Microbial Composition Associates With Peripheral T-Cell Activation and Mucosal Gene Expression in African Infants.,Wood LF,2018,
still_needs_retrieval,10.1016/j.clnu.2020.07.024,Fermented infant formula (with Bifidobacterium breve C50 and Streptococcus thermophilus O65) with prebiotic oligosaccharides is safe and modulates the gut microbiota towards a microbiota closer to that of breastfed infants.,Beghin L,2021,
still_needs_retrieval,10.1128/msystems.01071-24,First-year dynamics of the anaerobic microbiome and archaeome in infants' oral and gastrointestinal systems.,Neumann CJ,2025,
still_needs_retrieval,10.1053/j.gastro.2020.08.053,From Birth to Overweight and Atopic Disease: Multiple and Common Pathways of the Infant Gut Microbiome.,Vu K,2021,
still_needs_retrieval,10.1111/1462-2920.13144,Gut microbiota analysis reveals a marked shift to bifidobacteria by a starter infant formula containing a synbiotic of bovine milk-derived oligosaccharides and Bifidobacterium animalis subsp. lactis CNCM I-3446.,Simeoni U,2016,
still_needs_retrieval,10.1503/cmaj.121189,Gut microbiota of healthy Canadian infants: profiles by mode of delivery and infant diet at 4 months.,Azad MB,2013,
still_needs_retrieval,10.1016/j.clnu.2026.106587,Gut microbiota responses to complementary food sources differ by milk feeding type.,Perrett BM,2026,
still_needs_retrieval,10.1111/1541-4337.13271,HUMAN MILK OLIGOSACCHARIDES AND INFANT FORMULA.,,2024,
still_needs_retrieval,10.3945/an.112.001859,Host-microbe interactions in the neonatal intestine: Role of human milk oligosaccharides,"Donovan, S.M.",2012,
still_needs_retrieval,10.1001/jamanetworkopen.2025.59385,Human Milk and Infant Gut Microbiome in Association With Infant Fecal Metabolome and Child Blood Pressure.,Liu T,2026,
still_needs_retrieval,10.3945/jn.115.223552,Human breast milk and infant formulas differentially modify the intestinal microbiota in human infants and host physiology in rats,"Liu, Z.",2016,
still_needs_retrieval,10.21518/ms2026-270,Human milk oligosaccharides as a factor in the formation of differentiated microbiological profiles of the gut microbiota in infants during the first months of life,"Orobinskaya, Y.V.",2026,
still_needs_retrieval,10.1080/19490976.2022.2164152,"Human milk oligosaccharides, antimicrobial drugs, and the gut microbiota of term neonates: observations from the KOALA birth cohort study.",Barnett DJM,2023,
still_needs_retrieval,10.1128/msphere.00069-15,Infant Gut Microbiota Development Is Driven by Transition to Family Foods Independent of Maternal Obesity.,Laursen MF,2016,
still_needs_retrieval,10.1002/jpn3.70435,Infant fecal microbiome dysbiosis varies by feeding type in setting of severe bronchiolitis.,Barrett TC,2026,
still_needs_retrieval,10.1093/ecco-jcc/jjad096,"Influence of Early Life Factors, including breast milk Composition, on the Microbiome of Infants Born to Mothers with and without Inflammatory Bowel Disease.",Sabino J,2023,
still_needs_retrieval,10.1016/j.pedhc.2024.06.015,Influence of Feeding Practices on Intestinal Microbiota Composition in Healthy Chinese Infants: A Prospective Cohort Study.,Lok KY,2025,
still_needs_retrieval,10.1163/18762891-bja00075,Influence of feeding habit and duration on infant gut microbiome - a 6 month pilot study.,Patangia DV,2025,
still_needs_retrieval,10.1002/fsn3.71777,Integrated Analysis of Gut Microbiota and Metabolome Profiling Reveals the Effects of Feeding Approaches on Infants' Gut Microenvironment.,Zhu S,2026,
still_needs_retrieval,10.1016/j.jaci.2017.05.054,Intestinal microbiota in infants at high risk for allergy: Effects of prebiotics and role in eczema development.,Wopereis H,2018,
still_needs_retrieval,10.1038/s41396-021-00937-7,Key bacterial taxa and metabolic pathways affecting gut short-chain fatty acid profiles in early life.,Tsukuda N,2021,
still_needs_retrieval,10.1080/19490976.2020.1813534,Lactose-reduced infant formula with added corn syrup solids is associated with a distinct gut microbiota in Hispanic infants.,Jones RB,2020,
still_needs_retrieval,10.1128/mbio.03196-19,"Linking Human Milk Oligosaccharides, Infant Fecal Community Types, and Later Risk To Require Antibiotics.",Berger B,2020,
still_needs_retrieval,10.1163/18762891-bja00012,Longitudinal changes in bifidobacterial population during the first two years of life.,An R,2024,
still_needs_retrieval,10.1038/s41586-026-10922-9,Maternal influences on infant gut microbiome and health.,Sinha T,2026,
still_needs_retrieval,10.1016/j.xcrm.2026.103007,Maternal secretor status and human milk oligosaccharides influence the infant gut resistome.,Samarra A,2026,
still_needs_retrieval,10.1080/19490976.2023.2231596,Maturation of the gut metabolome during the first year of life in humans,"Ouyang, R.",2023,
still_needs_retrieval,10.1128/mbio.01534-24,Metal availability shapes early life microbial ecology and community succession.,Soto Ocana J,2024,
still_needs_retrieval,10.1016/j.cell.2024.07.022,Microbial colonization programs are structured by breastfeeding and guide healthy respiratory development.,Shenhav L,2024,
still_needs_retrieval,10.1093/ismejo/wraf266,Milk IgA promotes symbionts and limits pathobionts in the early life gut.,Donald K,2025,
still_needs_retrieval,10.1016/j.cell.2022.11.023,Mobile genetic elements from the maternal microbiome shape infant gut microbial assembly and metabolism.,Vatanen T,2022,
still_needs_retrieval,10.1136/adc.2010.189639,"Mothers, babies and friendly bacteria","Beattie, LM",2011,
still_needs_retrieval,10.1080/19490976.2026.2719244,Nationwide cohort study reveals low bifidobacteria and distinct microbiota composition and function in Swedish newborns,"Cavani, E.",2026,
still_needs_retrieval,10.1093/ajcn/nqaa076,Neonatal diet alters fecal microbiota and metabolome profiles at different ages in infants fed breast milk or formula.,Brink LR,2020,
still_needs_retrieval,10.1080/19490976.2023.2290661,"Precocious infant fecal microbiome promotes enterocyte barrier dysfuction, altered neuroendocrine signaling and associates with increased childhood obesity risk.",Yong GJM,2024,
still_needs_retrieval,10.7717/peerj.18602,"Priority effects, nutrition and milk glycan-metabolic potential drive Bifidobacterium longum subspecies dynamics in the infant gut microbiome.",Pucci N,2025,
still_needs_retrieval,10.1089/bfm.2018.29076.sjr,Probiotic Intervention Through the Pregnant and Breastfeeding Mother to Reduce Disease Risk in the Child,"Rautava, S.",2018,
still_needs_retrieval,10.1097/jpn.0000000000000951,Protect the Heart by Protecting the Gut-Human Milk and the Gut Microbiota of Neonates With Critical Congenital Heart Defects.,Davis JA,2025,
still_needs_retrieval,10.3945/ajcn.117.157529,Randomized controlled trial on the impact of early-life intervention with bifidobacteria on the healthy infant fecal microbiota and metabolome.,Bazanella M,2017,
still_needs_retrieval,10.1038/s41430-025-01571-8,Restoration of gut microbiota with a specific synbiotic-containing infant formula in healthy Chinese infants born by cesarean section.,Wang Y,2025,
still_needs_retrieval,10.1016/j.foodres.2025.116488,Role of sn-2 palmitate on the development of the infant gut microbiome: A metagenomic insight.,Wang S,2025,
still_needs_retrieval,10.1038/s41586-019-1560-1,Stunted microbiota and opportunistic pathogen colonization in caesarean-section birth.,Shao Y,2019,
still_needs_retrieval,10.1093/ajcn/nqab336,Term infant formula supplemented with milk-derived oligosaccharides shifts the gut microbiota closer to that of human milk-fed infants and improves intestinal immune defense: a randomized controlled trial.,Estorninos E,2022,
still_needs_retrieval,10.1016/j.jss.2020.05.010,The Assessment of Fecal Volatile Organic Compounds in Healthy Infants: Electronic Nose Device Predicts Patient Demographics and Microbial Enterotype,"Hosfield, B.D.",2020,
still_needs_retrieval,10.1016/j.jpeds.2017.12.073,"The Effect of Early Limited Formula on Breastfeeding, Readmission, and Intestinal Microbiota: A Randomized Clinical Trial.",Flaherman VJ,2018,
still_needs_retrieval,10.1016/j.tjnut.2023.07.009,The Gut Microbiota Differ in Exclusively Breastfed and Formula-Fed United States Infants and are Associated with Growth Status.,Odiase E,2023,
still_needs_retrieval,10.1089/bfm.2022.0292,The Impact of the Human Milk Microbiota in the Prevention of Disease and Infant Health.,"Melekoglu, Ebru",2023,
still_needs_retrieval,10.1016/j.tjnut.2022.12.016,"The Relationship Between Diet, Gut Microbiota, and Serum Metabolome of South Asian Infants at 1 Year.",Bruce CY,2023,
still_needs_retrieval,10.1016/j.crphys.2021.03.004,The infant gut microbiota at 12 months of age is associated with human milk exposure but not with maternal pre-pregnancy body mass index or infant BMI-for-age z-scores.,Haddad EN,2021,
still_needs_retrieval,10.1016/j.humic.2019.100057,"Whole genome metagenomic analysis of the gut microbiome of differently fed infants identifies differences in microbial composition and functional genes, including an absent CRISPR/Cas9 gene in the formula-fed cohort.",Di Guglielmo MD,2019,
still_needs_retrieval_no_doi,,"A study on the effects of probiotic intervention on growth and development, and normal diseases in children"," ISRCTN11762349,",2025,
still_needs_retrieval_no_doi,,Beneficial effects of human milk and prebiotic-like fermented infant formulas on the intestinal microflora and immune system,"Mullié, C.J.",2010,
still_needs_retrieval_no_doi,,Efficacy of Two HMOs in Chinese Infants," NCT06361719,",2024,
still_needs_retrieval_no_doi,,Evaluation of a new infant formula on the growth and tolerance of healthy infants," RBR-7g2d86j,",2024,
still_needs_retrieval_no_doi,,Goat Milk-Derived Formula vs. Undiluted Goat Milk in Infants Unable to Exclusively Breastfeed: growth and Biomarker Analysis," NCT07225153,",2025,
still_needs_retrieval_no_doi,,HMOs on Infant Gut Microbiota Modulation and Development of the Immune System in Healthy Infants," NCT06631937,",2024,
still_needs_retrieval_no_doi,,Immunity Modification of Full Term Infants According to the Type of Feeding and Mode of Delivery," NCT03637894,",2018,
still_needs_retrieval_no_doi,,Immunity Modification of Full Term Infants According to the Type of Feeding and Mode of Delivery," NCT04256356,",2020,
still_needs_retrieval_no_doi,,Impact Of Feeding Practice On Diversity Pattern Of The Gut Microbiome In Infants.,Durrani M,2020,
still_needs_retrieval_no_doi,,New formula supplemented with milk fat globule membrane and synbiotics modulates the gut microbiota and reduces illness symptoms during infancy," Campoy, C",2018,
still_needs_retrieval_no_doi,,Stool microbiota in term infants fed formula supplemented with human milk oligosaccharides (HMOS: 2'fucosyllactose and lacto-n-neotetraose) and reduced likelihood of antibiotic use," Berger, B",2016,
still_needs_retrieval_no_doi,,The norwegian preterm infant gut (PINGU) multicenter study: gut microbiota composition and early impact of probiotic treatment," Esaiassen, E",2016,
